Use Case,Requirement,Requirement2,Requirement3,Capability,Features ,ID,Importance
Age Estimation for Streaming Services,Detect Anomalous User Activity,Detect Anomalous User Activity,1,Age Estimation,"Latent Signal Analysis, Mouse Dynamics, IP Address Logging, Psychographic Signals Analysis",1,4
Age Estimation for Streaming Services,Detect Anomalous User Activity,,0,Bot Detection,"Latent Signal Analysis, Mouse Dynamics, IP Address Logging, Psychographic Signals Analysis",2,3
Age Estimation for Streaming Services,Detect Anomalous User Activity,,0,Behavioral Analytics,"Latent Signal Analysis, Mouse Dynamics, IP Address Logging, Psychographic Signals Analysis",3,3
Age Estimation for Streaming Services,Detect Anomalous User Activity,,0,Location Intelligence,"Latent Signal Analysis, Mouse Dynamics, IP Address Logging, Psychographic Signals Analysis",4,3
Age Estimation for Streaming Services,Detect Anomalous User Activity,,0,Cross-device Identity Graphing,"Latent Signal Analysis, Mouse Dynamics, IP Address Logging, Psychographic Signals Analysis",5,3
Age Estimation for Streaming Services,Detect Anomalous User Activity,,0,Audience Segmentation,"Latent Signal Analysis, Mouse Dynamics, IP Address Logging, Psychographic Signals Analysis",6,3
Age Estimation for Streaming Services,Detect Anomalous User Activity,,0,SIM Swap Detection,"Latent Signal Analysis, Mouse Dynamics, IP Address Logging, Psychographic Signals Analysis",7,3
Age Estimation for Streaming Services,Detect Anomalous User Activity,,0,DeepFake Detection,"Latent Signal Analysis, Mouse Dynamics, IP Address Logging, Psychographic Signals Analysis",8,3
Age Estimation for Streaming Services,Estimate Age of Users,Estimate Age of Users,9,Age Estimation,"Latent Signal Analysis, Mouse Dynamics, IP Address Logging, Psychographic Signals Analysis",9,4
Age Estimation for Streaming Services,Estimate Age of Users,,0,Passive Liveness Detection,"Latent Signal Analysis, Mouse Dynamics, IP Address Logging, Psychographic Signals Analysis",10,4
Age Estimation for Streaming Services,Estimate Age of Users,,0,Active Liveness Detection,"Latent Signal Analysis, Mouse Dynamics, IP Address Logging, Psychographic Signals Analysis",11,4
Age Estimation for Streaming Services,Estimate Age of Users,,0,Behavioral Biometrics,"Latent Signal Analysis, Mouse Dynamics, IP Address Logging, Psychographic Signals Analysis",12,3
Age Estimation for Streaming Services,Estimate Age of Users,,0,Identity Resolution,"Latent Signal Analysis, Mouse Dynamics, IP Address Logging, Psychographic Signals Analysis",13,3
Age Estimation for Streaming Services,Estimate Age of Users,,0,Behavioral Analytics,"Latent Signal Analysis, Mouse Dynamics, IP Address Logging, Psychographic Signals Analysis",14,3
Age Estimation for Streaming Services,Estimate Age of Users,,0,Cross-device Identity Graphing,"Latent Signal Analysis, Mouse Dynamics, IP Address Logging, Psychographic Signals Analysis",15,3
Age Estimation for Streaming Services,Estimate Age of Users,,0,Customer Data Linking,"Latent Signal Analysis, Mouse Dynamics, IP Address Logging, Psychographic Signals Analysis",16,3
Age Estimation for Streaming Services,Integrate and Secure Data from Internal and External Systems,Secure Data from External Systems,17,DOB Verification,"Latent Signal Analysis, Mouse Dynamics, IP Address Logging, Psychographic Signals Analysis",17,4
Age Estimation for Streaming Services,Integrate and Secure Data from Internal and External Systems,,0,Data Enrichment,"Latent Signal Analysis, Mouse Dynamics, IP Address Logging, Psychographic Signals Analysis",18,4
Age Estimation for Streaming Services,Integrate and Secure Data from Internal and External Systems,,0,Mobile Carrier API Access,"Latent Signal Analysis, Mouse Dynamics, IP Address Logging, Psychographic Signals Analysis",19,4
Age Estimation for Streaming Services,Integrate and Secure Data from Internal and External Systems,,0,Mobile Carrier Data Access,"Latent Signal Analysis, Mouse Dynamics, IP Address Logging, Psychographic Signals Analysis",20,4
Age Estimation for Streaming Services,Integrate and Secure Data from Internal and External Systems,,0,Customer Data Collection & Integration,"Latent Signal Analysis, Mouse Dynamics, IP Address Logging, Psychographic Signals Analysis",21,3
Age Estimation for Streaming Services,Integrate and Secure Data from Internal and External Systems,,0,Customer Data Linking,"Latent Signal Analysis, Mouse Dynamics, IP Address Logging, Psychographic Signals Analysis",22,3
Age Estimation for Streaming Services,Integrate and Secure Data from Internal and External Systems,,0,Name Verification,"Latent Signal Analysis, Mouse Dynamics, IP Address Logging, Psychographic Signals Analysis",23,2
Age Estimation for Streaming Services,Collect and Manage User Consent,User Consent,24,Privacy Regulatory Research Platform,"Latent Signal Analysis, Mouse Dynamics, IP Address Logging, Psychographic Signals Analysis",24,4
Age Estimation for Streaming Services,Collect and Manage User Consent,,0,Parental Controls,"Latent Signal Analysis, Mouse Dynamics, IP Address Logging, Psychographic Signals Analysis",25,4
Age Estimation for Streaming Services,Collect and Manage User Consent,,0,Parental Consent Self-Attestation,"Latent Signal Analysis, Mouse Dynamics, IP Address Logging, Psychographic Signals Analysis",26,4
Age Estimation for Streaming Services,Collect and Manage User Consent,,0,Consent and Preference Management,"Latent Signal Analysis, Mouse Dynamics, IP Address Logging, Psychographic Signals Analysis",27,3
Age Estimation for Streaming Services,Collect and Manage User Consent,,0,Data Governance Frameworks,"Latent Signal Analysis, Mouse Dynamics, IP Address Logging, Psychographic Signals Analysis",28,3
Age Estimation for Streaming Services,Collect and Manage User Consent,,0,Data Governance Policy Engine,"Latent Signal Analysis, Mouse Dynamics, IP Address Logging, Psychographic Signals Analysis",29,3
Age Estimation for Streaming Services,Collect and Manage User Consent,,0,Data Governance Support,"Latent Signal Analysis, Mouse Dynamics, IP Address Logging, Psychographic Signals Analysis",30,3
Age Estimation for Streaming Services,Tune Models for Accuracy and Performance,Tune Models for Accuracy,31,Age Estimation Algorithmic Bias Detection,"Latent Signal Analysis, Mouse Dynamics, IP Address Logging, Psychographic Signals Analysis",31,4
Age Estimation for Streaming Services,Tune Models for Accuracy and Performance,,0,Algorithmic Training,"Latent Signal Analysis, Mouse Dynamics, IP Address Logging, Psychographic Signals Analysis",32,4